Álvaro Obregón,SAN JERONIMO ACULCO
Álvaro Obregón,LOMAS DE CHAMONTOYA
Álvaro Obregón,TLACOYAQUE
Álvaro Obregón,ZONA RUSTICA
Álvaro Obregón,LOMAS DE LOS CEDROS
Álvaro Obregón,LOMAS DE LA ERA
Álvaro Obregón,Z.Feder. ZONA RUSTICA
Álvaro Obregón,JARDINES DEL PEDREGAL
Álvaro Obregón,RINCON DE LA BOLSA
Álvaro Obregón,Pbo. SANTA ROSA XOCHIAC
Álvaro Obregón,LA ANGOSTURA
Álvaro Obregón,RANCHO DEL CARMEN DEL PUEBLO SAN BARTOLO AMEYALCO
Álvaro Obregón,RANCHO SAN FRANCISCO DEL PBLO SAN BARTOLO AMEYALCO
Álvaro Obregón,TORRES DE POTRERO
Álvaro Obregón,MIGUEL HIDALGO
Álvaro Obregón,Bo. LA OTRA BANDA
Álvaro Obregón,ERMITA TIZAPAN
Álvaro Obregón,SAN JOSE DEL OLIVAR
Álvaro Obregón,ALCANTARILLA
Álvaro Obregón,OCOTILLOS DEL PUEBLO DE TETELPAN
Álvaro Obregón,Villa VERDUN
Álvaro Obregón,Pbo. TIZAPAN
Álvaro Obregón,Pbo. SAN BARTOLO AMEYALCO
Álvaro Obregón,Bo. LORETO
Álvaro Obregón,TIZAMPAMPANO DEL PUEBLO TETELPAN
Álvaro Obregón,2DA DEL MORAL DEL PUEBLO TETELPAN
Álvaro Obregón,OLIVAR DE LOS PADRES
Álvaro Obregón,LA JOYITA DEL PUEBLO TETELPAN
Álvaro Obregón,LA PENITA DEL PUEBLO TETELPAN
Álvaro Obregón,PROGRESO TIZAPAN
Álvaro Obregón,EL ENCINO DEL PUEBLO TETELPAN
Álvaro Obregón,Pbo. TETELPAN
Álvaro Obregón,EL MIRADOR DEL PUEBLO TETELPAN
Álvaro Obregón,LOMAS DE LOS ANGELES DEL PUEBLO TETELPAN
Álvaro Obregón,LOMAS AXOMIATLA
Álvaro Obregón,LA HERRADURA DEL PUEBLO TETELPAN
Álvaro Obregón,TECALCAPA DEL PUEBLO TETELPAN
Álvaro Obregón,LOMAS DE GUADALUPE
Álvaro Obregón,LOMAS DE SAN ANGEL INN
Álvaro Obregón,SAN AGUSTIN DEL PUEBLO TETELPAN
Álvaro Obregón,CHIMALISTAC
Álvaro Obregón,ALTAVISTA
Álvaro Obregón,SAN CLEMENTE SUR
Álvaro Obregón,LOMAS DE LAS AGUILAS
Álvaro Obregón,Ejido SAN MATEO
Álvaro Obregón,PUENTE COLORADO
Álvaro Obregón,SAN ANGEL
Álvaro Obregón,ATLAMAYA
Álvaro Obregón,EX-HACIENDA DE GUADALUPE CHIMALISTAC
Álvaro Obregón,SAN CLEMENTE NORTE
Álvaro Obregón,LA MILAGROSA
Álvaro Obregón,SAN ANGEL INN
Álvaro Obregón,EL RUEDO
Álvaro Obregón,SANTA LUCIA CHANTEPEC
Álvaro Obregón,Ampl. LAS AGUILAS
Álvaro Obregón,PALMAS AXOTITLA
Álvaro Obregón,Z.Feder. ZONA RUSTICA
Álvaro Obregón,FLOR DE MARIA
Álvaro Obregón,LAS AGUILAS 3ER PARQUE
Álvaro Obregón,Ampl. TLACUITLAPA
Álvaro Obregón,EL RINCON
Álvaro Obregón,TLACUITLAPA
Álvaro Obregón,MIGUEL GAONA ARMENTA
Álvaro Obregón,2DO REACOMODO TLACUITLAPA
Álvaro Obregón,Pbo. TLACOPAC
Álvaro Obregón,TARANGO
Álvaro Obregón,LOS JURISTAS
Álvaro Obregón,Villa PROGRESISTA
Álvaro Obregón,LLANO REDONDO
Álvaro Obregón,PUERTA GRANDE
Álvaro Obregón,Ampl. DOS RIOS
Álvaro Obregón,LOMAS DE PUERTA GRANDE
Álvaro Obregón,BALCONES DE CEGUAYO
Álvaro Obregón,LAS AGUILAS 2DO PARQUE
Álvaro Obregón,RINCONADA LAS CUEVITAS
Álvaro Obregón,Ampl. ALPES
Álvaro Obregón,PONCIANO ARRIAGA
Álvaro Obregón,TEPEACA
Álvaro Obregón,HERON PROAL
Álvaro Obregón,ARCOS DEL CENTENARIO
Álvaro Obregón,CEGUAYA
Álvaro Obregón,CAMPESTRE
Álvaro Obregón,PROFESOR J ARTURO LOPEZ MARTINEZ
Álvaro Obregón,ACUILOTLA
Álvaro Obregón,Pbo. SANTA LUCIA CHANTEPEC
Álvaro Obregón,LA MARTINICA
Álvaro Obregón,LAS AGUILAS 1RA SECCION
Álvaro Obregón,REACOMODO VALENTIN GOMEZ FARIAS
Álvaro Obregón,EX HACIENDA DE TARANGO
Álvaro Obregón,Pbo. AXOTLA
Álvaro Obregón,PUNTA DE CEGUAYO
Álvaro Obregón,Ampl. LOS PIRULES
Álvaro Obregón,Ampl. TEPEACA
Álvaro Obregón,AVE REAL
Álvaro Obregón,GUADALUPE INN
Álvaro Obregón,CANUTILLO
Álvaro Obregón,HUEYTLALE
Álvaro Obregón,PIRU SANTA LUCIA
Álvaro Obregón,SANTA FE TLAYAPACA
Álvaro Obregón,CANUTILLO 3RA SECCION
Álvaro Obregón,EX HACIENDA DE TARANGO
Álvaro Obregón,Pbo. SANTA LUCIA
Álvaro Obregón,LOS ALPES
Álvaro Obregón,TEPOPOTLA
Álvaro Obregón,EL POLITOCO
Álvaro Obregón,RINCONADA DE TARANGO
Álvaro Obregón,LAS AGUILAS
Álvaro Obregón,Ampl. ESTADO DE HIDALGO
Álvaro Obregón,LA ARANA
Álvaro Obregón,CORPUS CHRISTY
Álvaro Obregón,COLINAS DE TARANGO
Álvaro Obregón,COOPERATIVA UNION OLIVOS
Álvaro Obregón,FLORIDA
Álvaro Obregón,LOS CEDROS
Álvaro Obregón,ZONA FEDERAL
Álvaro Obregón,CANUTILLO 2DA SECCION
Álvaro Obregón,LOMAS DE TARANGO
Álvaro Obregón,ZONA FEDERAL
Álvaro Obregón,MERCED GOMEZ
Álvaro Obregón,SANTA FE CENTRO CIUDAD
Álvaro Obregón,COLINA DEL SUR
Álvaro Obregón,ESTADO DE HIDALGO
Álvaro Obregón,LA CASCADA
Álvaro Obregón,GALEANA
Álvaro Obregón,LOMAS DE PLATEROS
Álvaro Obregón,HOGAR Y REDENCION
Álvaro Obregón,JALALPA EL GRANDE
Álvaro Obregón,GARCIMARRERO
Álvaro Obregón,MOLINO DE ROSAS
Álvaro Obregón,PRECONCRETO
Álvaro Obregón,PASEO DE LAS LOMAS
Álvaro Obregón,OLIVAR DEL CONDE 2DA SECCION
Álvaro Obregón,Ampl. PILOTO ADOLFO LOPEZ MATEOS
Álvaro Obregón,PILOTO ADOLFO LOPEZ MATEOS
Álvaro Obregón,2DA AMPLIACION PRESIDENTES
Álvaro Obregón,OLIVAR DEL CONDE 1RA SECCION
Álvaro Obregón,Bo. ALFALFAR
Álvaro Obregón,PALMAS
Álvaro Obregón,SANTA FE
Álvaro Obregón,SANTA FE LA LOMA
Álvaro Obregón,GOLONDRINAS 2DA SECCION
Álvaro Obregón,ALFONSO XIII
Álvaro Obregón,SANTA FE PENA BLANCA
Álvaro Obregón,JALALPA TEPITO 2DA AMPLIACION
Álvaro Obregón,LA MEXICANA 2DA AMPL
Álvaro Obregón,Ampl. JALALPA
Álvaro Obregón,ZONA RUSTICA
Álvaro Obregón,TECOLALCO
Álvaro Obregón,TLAPECHICO
Álvaro Obregón,LOS GAMITOS
Álvaro Obregón,LAS GOLONDRINAS
Álvaro Obregón,CAMPO DE TIRO LOS GAMITOS
Álvaro Obregón,CARLOS A MADRAZO
Álvaro Obregón,EL PIRU 2DA AMPLIACION
Álvaro Obregón,Bo. NORTE
Álvaro Obregón,EL PIRU SANTA FE
Álvaro Obregón,Ampl. LA CEBADA
Álvaro Obregón,1RA AMPLIACION PRESIDENTES
Álvaro Obregón,EL RODEO
Álvaro Obregón,PRESIDENTES
Álvaro Obregón,LA HUERTA
Álvaro Obregón,JALALPA TEPITO
Álvaro Obregón,LADERA GRANDE
Álvaro Obregón,EL ARBOL
Álvaro Obregón,EL PIRUL
Álvaro Obregón,GOLONDRINAS 1RA SECCION
Álvaro Obregón,BEJERO DEL PUEBLO SANTA FE
Álvaro Obregón,LOMAS DE CAPULA
Álvaro Obregón,LIBERACION PROLETARIA
Álvaro Obregón,MINAS CRISTO REY
Álvaro Obregón,MARGARITA MAZA DE JUAREZ
Álvaro Obregón,1RA SECCION CAÃ‘ADA
Álvaro Obregón,DESARROLLO URBANO
Álvaro Obregón,Pbo. NUEVO
Álvaro Obregón,LA PRESA
Álvaro Obregón,LOMAS DE NUEVO MEXICO
Álvaro Obregón,CALZADA JALALPA
Álvaro Obregón,EL POCITO
Álvaro Obregón,LA MEXICANA
Álvaro Obregón,EL TEJOCOTE
Álvaro Obregón,Villa SOLIDARIDAD
Álvaro Obregón,REACOMODO EL CUERNITO
Álvaro Obregón,2DA SECCION CANADA
Álvaro Obregón,ARVIDE
Álvaro Obregón,ZONA RUSTICA
Álvaro Obregón,SACRAMENTO
Álvaro Obregón,Bo. SANTA MARIA NONOALCO
Álvaro Obregón,Ampl. LA MEXICANA
Álvaro Obregón,LA PALMITA
Álvaro Obregón,LA JOYA
Álvaro Obregón,Pbo. SANTA FE
Álvaro Obregón,LA ESTRELLA
Álvaro Obregón,FRANCISCO VILLA
Álvaro Obregón,ISIDRO FABELA
Álvaro Obregón,ABRAHAM M GONZALEZ
Álvaro Obregón,BONANZA
Álvaro Obregón,LOMAS DE BECERRA
Álvaro Obregón,SAN GABRIEL
Álvaro Obregón,ARTURO MARTINEZ
Álvaro Obregón,MARTIRES DE TACUBAYA
Álvaro Obregón,CAROLA
Álvaro Obregón,LOMAS DE SANTA FE
Álvaro Obregón,1RA VICTORIA
Álvaro Obregón,MARIA G DE GARCIA RUIZ
Álvaro Obregón,CUEVITAS
Álvaro Obregón,ZENON DELGADO
Álvaro Obregón,EL BOSQUE 2A SECC
Álvaro Obregón,CRISTO REY
Álvaro Obregón,PARAISO
Álvaro Obregón,LA CONCHITA
Álvaro Obregón,BOSQUE
Álvaro Obregón,TOLTECA
Álvaro Obregón,POLVORA
Álvaro Obregón,EL CUERNITO
Álvaro Obregón,SAN PEDRO DE LOS PINOS
Álvaro Obregón,LIBERALES DE 1857
Álvaro Obregón,8 DE AGOSTO
Álvaro Obregón,MOLINO DE SANTO DOMINGO
Álvaro Obregón,REACOMODO PINO SUAREZ
Álvaro Obregón,ZONA RUSTICA
Álvaro Obregón,Ampl. ACUEDUCTO
Álvaro Obregón,EL CAPULIN
Álvaro Obregón,Ampl. EL CAPULIN
Álvaro Obregón,REAL DEL MONTE
Álvaro Obregón,BELLAVISTA
Álvaro Obregón,ACUEDUCTO
Álvaro Obregón,BELEM DE LAS FLORES
Álvaro Obregón,HIDALGO
Álvaro Obregón,LAS AMERICAS
Álvaro Obregón,JOSE MARIA PINO SUAREZ
Álvaro Obregón,COVE
Azcapotzalco,SAN SALVADOR XOCHIMANCA
Azcapotzalco,SAN ALVARO
Azcapotzalco,TLATILCO
Azcapotzalco,LA RAZA
Azcapotzalco,PATRIMONIO FAMILIAR
Azcapotzalco,OBRERO POPULAR
Azcapotzalco,ARENAL
Azcapotzalco,Ampl. DEL GAS
Azcapotzalco,IGNACIO ALLENDE
Azcapotzalco,Pbo. SAN FRANCISCO XOCOTITLA
Azcapotzalco,Bo. SAN BERNABE
Azcapotzalco,CLAVERIA
Azcapotzalco,SECTOR NAVAL
Azcapotzalco,ANGEL ZIMBRON
Azcapotzalco,NUEVA SANTA MARIA
Azcapotzalco,VICTORIA DE LAS DEMOCRACIAS
Azcapotzalco,DEL GAS
Azcapotzalco,LIBERACION
Azcapotzalco,PORVENIR
Azcapotzalco,ALDANA
Azcapotzalco,Ampl. COSMOPOLITA
Azcapotzalco,AGUILERA
Azcapotzalco,UNIDAD CUITLAHUAC
Azcapotzalco,PLENITUD
Azcapotzalco,POTRERO DEL LLANO
Azcapotzalco,UN HOGAR PARA CADA TRABAJADOR
Azcapotzalco,COSMOPOLITA
Azcapotzalco,Bo. SANTA LUCIA
Azcapotzalco,DEL RECREO
Azcapotzalco,SINDICATO MEXICANO DE ELECTRICISTAS
Azcapotzalco,Pbo. SANTA CRUZ ACAYUCAN
Azcapotzalco,Bo. SANTA APOLONIA
Azcapotzalco,Bo. NEXTENGO
Azcapotzalco,Pbo. SAN MIGUEL AMANTLA
Azcapotzalco,PRO HOGAR
Azcapotzalco,LIBERTAD
Azcapotzalco,JARDIN AZPEITIA
Azcapotzalco,TRABAJADORES DEL HIERRO
Azcapotzalco,EUZKADI
Azcapotzalco,MONTE ALTO
Azcapotzalco,Pbo. SANTA MARIA MALINALCO
Azcapotzalco,INDUSTRIAL SAN ANTONIO
Azcapotzalco,SAN SEBASTIAN
Azcapotzalco,SAN ANTONIO
Azcapotzalco,Pbo. SAN FRANCISCO TETECALA
Azcapotzalco,Pbo. SANTIAGO AHUIZOTLA
Azcapotzalco,Pbo. SAN BARTOLO CAHUALTONGO
Azcapotzalco,DEL MAESTRO
Azcapotzalco,Ampl. SAN PEDRO XALPA
Azcapotzalco,CENTRO DE AZCAPOTZALCO
Azcapotzalco,Ampl. PETROLERA
Azcapotzalco,Bo. SAN MATEO
Azcapotzalco,Bo. COLTONGO
Azcapotzalco,COLTONGO
Azcapotzalco,Bo. LOS REYES
Azcapotzalco,Pbo. SAN PEDRO XALPA
Azcapotzalco,SAN RAFAEL
Azcapotzalco,PETROLERA
Azcapotzalco,SANTA CRUZ DE LAS SALINAS
Azcapotzalco,LA PRECIOSA
Azcapotzalco,Bo. NUEVO BARRIO SAN RAFAEL
Azcapotzalco,Bo. HUAUTLA DE LAS SALINAS
Azcapotzalco,SANTO TOMAS
Azcapotzalco,Bo. SAN MARCOS
Azcapotzalco,LAS SALINAS
Azcapotzalco,EL JAGUEY
Azcapotzalco,Pbo. SAN ANDRES DE LAS SALINAS
Azcapotzalco,Pbo. SANTO DOMINGO
Azcapotzalco,TEZOZOMOC
Azcapotzalco,Pbo. SANTA CATARINA
Azcapotzalco,Bo. SAN ANDRES
Azcapotzalco,Pbo. SAN JUAN TLIHUACA
Azcapotzalco,PROVIDENCIA
Azcapotzalco,Pbo. SAN ANDRES
Azcapotzalco,PASTEROS
Azcapotzalco,REYNOSA TAMAULIPAS
Azcapotzalco,SANTA INES
Azcapotzalco,NUEVA ESPAÃ‘A
Azcapotzalco,TIERRA NUEVA
Azcapotzalco,EX-HACIENDA EL ROSARIO
Azcapotzalco,NUEVA EL ROSARIO
Azcapotzalco,ESTACION PANTACO
Azcapotzalco,FERRERIA
Azcapotzalco,Pbo. SANTA BARBARA
Azcapotzalco,INDUSTRIAL VALLEJO
Azcapotzalco,PRADOS DEL ROSARIO
Azcapotzalco,Pbo. SAN MARTIN XOCHINAHUAC
Azcapotzalco,EL ROSARIO
Benito Juárez,ERMITA
Benito Juárez,MIRAVALLE
Benito Juárez,GENERAL PEDRO MA ANAYA
Benito Juárez,PORTALES SUR
Benito Juárez,XOCO
Benito Juárez,CREDITO CONSTRUCTOR
Benito Juárez,MERCED GOMEZ
Benito Juárez,ACACIAS
Benito Juárez,PORTALES ORIENTE
Benito Juárez,Residnc. EMPERADORES
Benito Juárez,ACTIPAN
Benito Juárez,SAN JOSE INSURGENTES
Benito Juárez,ALBERT
Benito Juárez,PORTALES NORTE
Benito Juárez,SANTA CRUZ ATOYAC
Benito Juárez,ZACAHUITZCO
Benito Juárez,INSURGENTES MIXCOAC
Benito Juárez,DEL CARMEN
Benito Juárez,MIXCOAC
Benito Juárez,SAN SIMON TICUMAC
Benito Juárez,DEL VALLE SUR
Benito Juárez,DEL LAGO
Benito Juárez,LETRAN VALLE
Benito Juárez,EXTREMADURA INSURGENTES
Benito Juárez,TLACOQUEMECATL
Benito Juárez,SAN JUAN
Benito Juárez,INDEPENDENCIA
Benito Juárez,NOCHE BUENA
Benito Juárez,PERIODISTA
Benito Juárez,VERTIZ NARVARTE
Benito Juárez,AMERICAS UNIDAS
Benito Juárez,STA MARIA NONOALCO
Benito Juárez,CIUDAD DE LOS DEPORTES
Benito Juárez,INSURGENTES SAN BORJA
Benito Juárez,NATIVITAS
Benito Juárez,JOSEFA ORTIZ DE DOMINGUEZ
Benito Juárez,Villa DE CORTES
Benito Juárez,NIÃ‘OS HEROES
Benito Juárez,Ampl. NAPOLES
Benito Juárez,MIGUEL ALEMAN
Benito Juárez,DEL VALLE CENTRO
Benito Juárez,IZTACCIHUATL
Benito Juárez,POSTAL
Benito Juárez,8 DE AGOSTO
Benito Juárez,SAN PEDRO DE LOS PINOS
Benito Juárez,MODERNA
Benito Juárez,NAPOLES
Benito Juárez,NARVARTE PONIENTE
Benito Juárez,NARVARTE ORIENTE
Benito Juárez,DEL VALLE NORTE
Benito Juárez,ALAMOS
Benito Juárez,ATENOR SALAS
Benito Juárez,PIEDAD NARVARTE
Coyoacán,BOSQUES DE TETLAMEYA
Coyoacán,CANTIL DEL PEDREGAL
Coyoacán,CANTIL DEL PEDREGAL
Coyoacán,EL MIRADOR
Coyoacán,HACIENDAS DE COYOACAN
Coyoacán,LOS SAUCES
Coyoacán,OLIMPICA
Coyoacán,EL CARACOL
Coyoacán,JOYAS DEL PEDREGAL
Coyoacán,VILLA QUIETUD
Coyoacán,LAS CAMPANAS
Coyoacán,VIEJO EJIDO DE STA URSULA COAPA
Coyoacán,INSURGENTES CUICUILCO
Coyoacán,EX EJIDO DE  SANTA URSULA COAPA
Coyoacán,CULHUACAN C.T.M. SECCIÃ“N X
Coyoacán,JARDINES DEL PEDREGAL DE SAN ANGEL
Coyoacán,SANTA CECILIA
Coyoacán,CAMPESTRE COYOACAN
Coyoacán,LOS GIRASOLES
Coyoacán,PEDREGAL DE CARRASCO
Coyoacán,EL PARQUE DE COYOACAN
Coyoacán,EX HACIENDA COAPA
Coyoacán,CULHUACAN CTM SECCION IX-A
Coyoacán,CULHUACAN CTM SECCION IX-B
Coyoacán,CAFETALES
Coyoacán,LOS OLIVOS
Coyoacán,LOS CEDROS
Coyoacán,Pbo. DE SANTA URSULA COAPA
Coyoacán,Fracc. LOS ROBLES
Coyoacán,JARDINES DE COYOACAN
Coyoacán,PEDREGAL DE SANTA URSULA
Coyoacán,ALIANZA POPULAR REVOLUCIONARIA
Coyoacán,PRADOS DE COYOACAN
Coyoacán,EMILIANO ZAPATA FRACCIONAMIENTO POPULAR
Coyoacán,EL RELOJ
Coyoacán,CARMEN SERDAN
Coyoacán,CULHUACAN CTM SECCION VIII
Coyoacán,PRADOS DE COYOACAN
Coyoacán,ESPARTACO
Coyoacán,LOS CIPRESES
Coyoacán,CULHUACAN CTM SECCION PILOTO
Coyoacán,CULHUACAN CTM SECCION X-A
Coyoacán,EX EJIDO SAN PABLO TEPETLAPA
Coyoacán,ADOLFO RUIZ CORTINES
Coyoacán,NVA DIAZ ORDAZ
Coyoacán,Pbo. DE SAN PABLO TEPETLAPA
Coyoacán,CULHUACAN CTM CANAL NACIONAL
Coyoacán,CULHUACAN CTM SECCION VII
Coyoacán,EMILIANO ZAPATA
Coyoacán,CULHUACAN CTM SECCION VI
Coyoacán,CULHUACAN CTM SECC III
Coyoacán,CULHUACAN CTM CROC
Coyoacán,PRESIDENTES EJIDALES 2A SECCION
Coyoacán,PRESIDENTES EJIDALES 1A SECCION
Coyoacán,AJUSCO
Coyoacán,HUAYAMILPAS
Coyoacán,EL ROSARIO
Coyoacán,XOTEPINGO
Coyoacán,CULHUACAN CTM SECCION  II
Coyoacán,CULHUACAN CTM SECCION  I
Coyoacán,AVANTE
Coyoacán,CULHUACAN CTM SECCION V
Coyoacán,COPILCO EL ALTO
Coyoacán,LA OTRA BANDA
Coyoacán,CD UNIVERSITARIA
Coyoacán,PEDREGAL DE STO DOMINGO
Coyoacán,Pbo. LA CANDELARIA
Coyoacán,COPILCO UNIVERSIDAD
Coyoacán,EL CENTINELA
Coyoacán,SAN FRANCISCO CULHUACAN BARRIO DE SANTA ANA
Coyoacán,EX-EJIDO DE SAN FRANCISCO CULHUACAN
Coyoacán,SAN FRANCISCO CULHUACAN BARRIO DE SAN FRANCISCO
Coyoacán,EDUCACION
Coyoacán,CIUDAD JARDIN
Coyoacán,PETROLERA TAXQUENA
Coyoacán,SAN FRANCISCO CULHUACAN BARRIO DE SAN JUAN
Coyoacán,PEDREGAL DE SN FRANCISCO
Coyoacán,COPILCO EL BAJO
Coyoacán,ATLANTIDA
Coyoacán,Pbo. DE LOS REYES
Coyoacán,EL ROSEDAL
Coyoacán,Bo. DEL NIÃ‘O JESUS
Coyoacán,CUADRANTE DE SAN FRANCISCO
Coyoacán,ROMERO DE TERREROS
Coyoacán,Bo. OXTOPULCO UNIVERSIDAD
Coyoacán,PARQUE SAN ANDRES
Coyoacán,SAN FRANCISCO CULHUACAN BARRIO DE LA MAGDALENA
Coyoacán,HERMOSILLO
Coyoacán,Bo. LA CONCEPCION
Coyoacán,Villa COYOACAN
Coyoacán,PASEOS DE TAXQUENA
Coyoacán,Bo. SAN LUCAS
Coyoacán,SAN MATEO
Coyoacán,Bo. SANTA CATARINA
Coyoacán,CAMPESTRE CHURUBUSCO
Coyoacán,CHURUBUSCO COUNTRY CLUB
Coyoacán,SAN DIEGO CHURUBUSCO
Coyoacán,PRADO CHURUBUSCO
Coyoacán,DEL CARMEN
Cuajimalpa,LA PILA
Cuajimalpa,LAS LAJAS
Cuajimalpa,XALPA
Cuajimalpa,CRUZ BLANCA
Cuajimalpa,LAS MAROMAS
Cuajimalpa,TIANGUILLO
Cuajimalpa,LA VENTA
Cuajimalpa,1o DE MAYO
Cuajimalpa,Pbo. SAN LORENZO ACOPILCO
Cuajimalpa,Pbo. SAN MATEO TLALTENANGO
Cuajimalpa,LOMA DEL PADRE
Cuajimalpa,ABDIAS GARCIA SOTO
Cuajimalpa,CONTADERO
Cuajimalpa,LAS TINAJAS
Cuajimalpa,LOMAS DE SN PEDRO
Cuajimalpa,LOCAXCO
Cuajimalpa,ZONA RUSTICA
Cuajimalpa,ZACAMULPA
Cuajimalpa,AMPLIACION MEMETLA
Cuajimalpa,ZENTLAPATL
Cuajimalpa,Pbo. SAN PABLO CHIMALPA
Cuajimalpa,LOMAS DE MEMETLA
Cuajimalpa,MEMETLA
Cuajimalpa,Ampl. EL YAQUI
Cuajimalpa,LA MANZANITA
Cuajimalpa,EL MOLINITO
Cuajimalpa,SAN PEDRO
Cuajimalpa,AGUA BENDITA
Cuajimalpa,SANTA FE CUAJIMALPA
Cuajimalpa,SAN JACINTO
Cuajimalpa,EL YAQUI
Cuajimalpa,ADOLFO LOPEZ MATEOS
Cuajimalpa,EL MOLINO
Cuajimalpa,CUAJIMALPA
Cuajimalpa,MANZANASTITLA
Cuajimalpa,AMADO NERVO
Cuajimalpa,JESUS DEL MONTE
Cuajimalpa,AHUATENCO
Cuajimalpa,TEPETONGO
Cuajimalpa,EBANO
Cuajimalpa,SAN JOSE DE LOS CEDROS
Cuajimalpa,GRANJAS NAVIDAD
Cuajimalpa,ZONA RUSTICA
Cuajimalpa,GRANJAS PALO ALTO
Cuajimalpa,CAMPESTRE PALO ALTO
Cuajimalpa,COOPERATIVA PALO ALTO
Cuajimalpa,LOMAS DE VISTA HERMOSA
Cuajimalpa,BOSQUES DE LAS LOMAS
Cuajimalpa,LOMAS DE CHAMIZAL
Cuauhtémoc,ASTURIAS
Cuauhtémoc,BUENOS AIRES
Cuauhtémoc,ALGARIN
Cuauhtémoc,Ampl. ASTURIAS
Cuauhtémoc,HIPODROMO CONDESA
Cuauhtémoc,ROMA SUR
Cuauhtémoc,VISTA ALEGRE
Cuauhtémoc,PAULINO NAVARRO
Cuauhtémoc,HIPODROMO
Cuauhtémoc,CONDESA
Cuauhtémoc,OBRERA
Cuauhtémoc,ESPERANZA
Cuauhtémoc,TRANSITO
Cuauhtémoc,ROMA NORTE
Cuauhtémoc,DOCTORES
Cuauhtémoc,JUAREZ
Cuauhtémoc,CUAUHTEMOC
Cuauhtémoc,TABACALERA
Cuauhtémoc,SAN RAFAEL
Cuauhtémoc,CENTRO
Cuauhtémoc,GUERRERO
Cuauhtémoc,MORELOS
Cuauhtémoc,BUENAVISTA
Cuauhtémoc,SANTA MARIA LA RIBERA
Cuauhtémoc,FELIPE PESCADOR
Cuauhtémoc,MAZA
Cuauhtémoc,NONOALCO TLATELOLCO
Cuauhtémoc,EX HIPODROMO DE PERALVILLO
Cuauhtémoc,VALLE GOMEZ
Cuauhtémoc,ATLAMPA
Cuauhtémoc,SAN SIMON TOLNAHUAC
Cuauhtémoc,PERALVILLO
Cuauhtémoc,SANTA MARIA INSURGENTES
Gustavo A. Madero,U.Habit. CUCHILLA DEL TESORO
Gustavo A. Madero,CUCHILLA DEL TESORO
Gustavo A. Madero,FERNANDO CASAS ALEMAN
Gustavo A. Madero,LA MALINCHE
Gustavo A. Madero,C T M ARAGON
Gustavo A. Madero,HEROES DE CERRO PRIETO
Gustavo A. Madero,EX ESCUELA DE TIRO
Gustavo A. Madero,SAN JUAN DE ARAGON III SECC
Gustavo A. Madero,NARCISO BASSOLS
Gustavo A. Madero,Ampl. C T M ARAGON
Gustavo A. Madero,SAN JUAN DE ARAGON IV SECC
Gustavo A. Madero,NUEVA TENOCHTITLAN
Gustavo A. Madero,SAN JUAN DE ARAGON II SECCION
Gustavo A. Madero,LA JOYA
Gustavo A. Madero,SAN JUAN DE ARAGON V SECCION
Gustavo A. Madero,CUCHILLA LA JOYA
Gustavo A. Madero,MARTIRES DE RIO BLANCO
Gustavo A. Madero,Ampl. MARTIRES DE RIO BLANCO
Gustavo A. Madero,BELISARIO DOMINGUEZ
Gustavo A. Madero,7 DE NOVIEMBRE
Gustavo A. Madero,EMILIANO ZAPATA
Gustavo A. Madero,GERTRUDIS SANCHEZ 3A SECC
Gustavo A. Madero,Ampl. EMILIANO ZAPATA
Gustavo A. Madero,SAN JUAN DE ARAGON
Gustavo A. Madero,TABLAS DE SAN AGUSTIN
Gustavo A. Madero,U.Habit. EJIDO SAN JUAN DE ARAGON
Gustavo A. Madero,SAN JUAN DE ARAGON 1A SECC
Gustavo A. Madero,LA JOYITA
Gustavo A. Madero,FAJA DE ORO
Gustavo A. Madero,VALLEJO PONIENTE
Gustavo A. Madero,GERTRUDIS SANCHEZ 2A SECC
Gustavo A. Madero,BONDOJITO
Gustavo A. Madero,VALLEJO
Gustavo A. Madero,GERTRUDIS SANCHEZ 1A SECCION
Gustavo A. Madero,EX-EJIDO SAN JUAN DE ARAGON SECTOR 33
Gustavo A. Madero,Villa DE ARAGON
Gustavo A. Madero,HEROE DE NACOZARI
Gustavo A. Madero,GUADALUPE TEPEYAC
Gustavo A. Madero,ARAGON INGUARAN
Gustavo A. Madero,Pbo. SAN JUAN DE ARAGON
Gustavo A. Madero,SAN JUAN DE ARAGON VI SECCION
Gustavo A. Madero,GUADALUPE VICTORIA
Gustavo A. Madero,EL OLIVO
Gustavo A. Madero,TRES ESTRELLAS
Gustavo A. Madero,INDECO
Gustavo A. Madero,PRADERA 2A SECCION
Gustavo A. Madero,HEROES DE CHAPULTEPEC
Gustavo A. Madero,TLACAMACA
Gustavo A. Madero,SAN PEDRO EL CHICO
Gustavo A. Madero,DEFENSORES DE LA REPUBLICA
Gustavo A. Madero,Ampl. PANAMERICANA
Gustavo A. Madero,ESTRELLA
Gustavo A. Madero,GUADALUPE INSURGENTES
Gustavo A. Madero,LA PRADERA
Gustavo A. Madero,CAPULTITLAN
Gustavo A. Madero,SAN JUAN DE ARAGON 7A SECC
Gustavo A. Madero,MAXIMINO AVILA CAMACHO
Gustavo A. Madero,Ampl. PROVIDENCIA
Gustavo A. Madero,Ampl. SAN JUAN DE ARAGON
Gustavo A. Madero,INDUSTRIAL
Gustavo A. Madero,GRANJAS MODERNAS
Gustavo A. Madero,PANAMERICANA
Gustavo A. Madero,ARAGON LA VILLA
Gustavo A. Madero,FERROCARRILERA
Gustavo A. Madero,Ampl. CASAS ALEMAN
Gustavo A. Madero,D M NACIONAL
Gustavo A. Madero,LI  LEGISLATURA
Gustavo A. Madero,15 DE AGOSTO
Gustavo A. Madero,CONSTITUCION DE LA REPUBLICA
Gustavo A. Madero,MAGDALENA DE LAS SALINAS
Gustavo A. Madero,VILLA GUSTAVO A MADERO
Gustavo A. Madero,CHURUBUSCO TEPEYAC
Gustavo A. Madero,VALLE DEL TEPEYAC
Gustavo A. Madero,PROVIDENCIA
Gustavo A. Madero,SALVADOR DIAZ MIRON
Gustavo A. Madero,ROSAS DEL TEPEYAC
Gustavo A. Madero,CAMPESTRE ARAGON
Gustavo A. Madero,LA ESMERALDA
Gustavo A. Madero,EL COYOL
Gustavo A. Madero,MONTEVIDEO
Gustavo A. Madero,MARTIN CARRERA
Gustavo A. Madero,TEPEYAC INSURGENTES
Gustavo A. Madero,ESTANZUELA
Gustavo A. Madero,DINAMITA
Gustavo A. Madero,CERRO LOS GACHUPINES
Gustavo A. Madero,TRIUNFO DE LA REPUBLICA
Gustavo A. Madero,LINDAVISTA VALLEJO 3A SECCION
Gustavo A. Madero,TEPETATES
Gustavo A. Madero,LA CRUZ
Gustavo A. Madero,LINDAVISTA SUR
Gustavo A. Madero,PLANETARIO LINDAVISTA
Gustavo A. Madero,VASCO DE QUIROGA
Gustavo A. Madero,25 DE JULIO
Gustavo A. Madero,SAN BARTOLO ATEPEHUACAN
Gustavo A. Madero,LINDAVISTA VALLEJO 2A SECCION
Gustavo A. Madero,NUEVA VALLEJO
Gustavo A. Madero,DEL OBRERO
Gustavo A. Madero,GABRIEL HERNANDEZ
Gustavo A. Madero,LINDAVISTA VALLEJO 1A SECCION
Gustavo A. Madero,Villa HERMOSA
Gustavo A. Madero,SAN FELIPE DE JESUS
Gustavo A. Madero,Pbo. DE SANTIAGO ATZACOALCO
Gustavo A. Madero,SANTA ISABEL TOLA
Gustavo A. Madero,LINDAVISTA NORTE
Gustavo A. Madero,NUEVA ATZACOALCO
Gustavo A. Madero,Ampl. GABRIEL HERNANDEZ
Gustavo A. Madero,JUAN GONZALEZ ROMERO
Gustavo A. Madero,Residnc. ZACATENCO
Gustavo A. Madero,SAN PEDRO ZACATENCO
Gustavo A. Madero,C T M ATZACOALCO
Gustavo A. Madero,SAN JOSE TICOMAN
Gustavo A. Madero,Residnc. LA ESCALERA
Gustavo A. Madero,C T M EL RISCO
Gustavo A. Madero,TORRES LINDAVISTA
Gustavo A. Madero,CERRO DEL GUERRERO
Gustavo A. Madero,NUEVA INDUSTRIAL VALLEJO
Gustavo A. Madero,Bo. LA LAGUNA TICOMAN
Gustavo A. Madero,Bo. LA PURISIMA TICOMAN
Gustavo A. Madero,STA MARIA TICOMAN
Gustavo A. Madero,SIETE MARAVILLAS
Gustavo A. Madero,Bo. SAN RAFAEL TICOMAN
Gustavo A. Madero,Ampl. PROGRESO NACIONAL
Gustavo A. Madero,Bo. GUADALUPE  TICOMAN
Gustavo A. Madero,PROGRESO NACIONAL
Gustavo A. Madero,AMPLIACION GUADALUPE PROLETARIA
Gustavo A. Madero,Bo. SAN JUAN Y GUADALUPE TICOMAN
Gustavo A. Madero,BARRIO CANDELARIA TICOMAN
Gustavo A. Madero,GUADALUPE PROLETARIA
Gustavo A. Madero,SANTIAGO ATEPETLAC
Gustavo A. Madero,RESIDENCIAL ACUEDUCTO DE GUADALUPE
Gustavo A. Madero,SAN JOSE DE LA ESCALERA
Gustavo A. Madero,ACUEDUCTO DE GUADALUPE
Gustavo A. Madero,SANTA ROSA
Gustavo A. Madero,LA PASTORA
Gustavo A. Madero,JORGE NEGRETE
Gustavo A. Madero,BENITO JUAREZ
Gustavo A. Madero,SOLIDARIDAD NACIONAL
Gustavo A. Madero,EL ARBOLILLO
Gustavo A. Madero,AMPLIACION BENITO JUAREZ
Gustavo A. Madero,Ampl. CASTILLO GRANDE
Gustavo A. Madero,CASTILLO GRANDE
Gustavo A. Madero,GUADALUPE VICTORIA
Gustavo A. Madero,ZONA RUSTICA
Gustavo A. Madero,ZONA ESCOLAR ORIENTE
Gustavo A. Madero,CASTILLO CHICO
Gustavo A. Madero,ZONA ESCOLAR
Gustavo A. Madero,DEL CARMEN
Gustavo A. Madero,AHUEHUETES
Gustavo A. Madero,DEL BOSQUE
Gustavo A. Madero,CUAUTEPEC DE MADERO
Gustavo A. Madero,COCOYOTES
Gustavo A. Madero,VISTA HERMOSA
Gustavo A. Madero,6 DE JUNIO
Gustavo A. Madero,AMPLIACION COCOYOTES
Gustavo A. Madero,TLALPEXCO
Gustavo A. Madero,VALLE DE MADERO
Gustavo A. Madero,PALMATITLA
Gustavo A. Madero,GENERAL FELIPE BERRIOZABAL
Gustavo A. Madero,CHALMA DE GUADALUPE
Gustavo A. Madero,LA CASILDA
Gustavo A. Madero,Ampl. CHALMA DE GUADALUPE
Gustavo A. Madero,CUAUTEPEC BARRIO ALTO
Gustavo A. Madero,SAN ANTONIO
Gustavo A. Madero,TLACAELEL
Gustavo A. Madero,SAN MIGUEL
Gustavo A. Madero,PRADOS DE CUAUTEPEC
Gustavo A. Madero,LOMA LA PALMA
Gustavo A. Madero,LUIS DONALDO COLOSIO
Gustavo A. Madero,EL TEPETATAL
Gustavo A. Madero,ARBOLEDAS
Gustavo A. Madero,JUVENTINO ROSAS
Gustavo A. Madero,AMPLIACION ARBOLEDAS
Gustavo A. Madero,FORESTAL
Gustavo A. Madero,PARQUE METROPOLITANO
Gustavo A. Madero,COMPOSITORES MEXICANOS
Gustavo A. Madero,FORESTAL I
Gustavo A. Madero,FORESTAL II
Gustavo A. Madero,LOMAS DE CUAUTEPEC
Gustavo A. Madero,LA LENGUETA
Gustavo A. Madero,MALACATES
Gustavo A. Madero,AMPLIACION MALACATES
Gustavo A. Madero,ZONA RUSTICA
Iztacalco,REFORMA IZTACCIHUATL SUR
Iztacalco,MILITAR MARTE
Iztacalco,CARLOS ZAPATA VELA
Iztacalco,INFONAVIT IZTACALCO
Iztacalco,CAMPAMENTO DOS DE OCTUBRE
Iztacalco,Ampl. GABRIEL RAMOS MILLAN
Iztacalco,JARDINES TECMA
Iztacalco,INPI PICOS
Iztacalco,Bo. SANTA CRUZ
Iztacalco,LOS PICOS DE IZTACALCO SECCION 2 A
Iztacalco,LOS PICOS DE IZTACALCO SECCION 1 B
Iztacalco,LOS PICOS DE IZTACALCO SECCION 1 A
Iztacalco,Bo. SANTIAGO SUR
Iztacalco,REFORMA IZTACCIHUATL NORTE
Iztacalco,GABRIEL RAMOS MILLAN SECCION CUCHILLA
Iztacalco,Bo. LA ASUNCION
Iztacalco,Bo. SANTIAGO NORTE
Iztacalco,Bo. SAN MIGUEL
Iztacalco,JUVENTINO ROSAS
Iztacalco,EX-EJIDO LA MAGDALENA MIXHUCA
Iztacalco,GABRIEL RAMOS MILLAN SECCION BRAMADERO
Iztacalco,GABRIEL RAMOS MILLAN
Iztacalco,Bo. SAN PEDRO
Iztacalco,GABRIEL RAMOS MILLAN SECCION TLACOTAL
Iztacalco,Bo. SAN FRANCISCO XICALTONGO
Iztacalco,Bo. ZAPOTLA
Iztacalco,Bo. LOS REYES
Iztacalco,TLAZINTLA
Iztacalco,EL RODEO
Iztacalco,NUEVA SANTA ANITA
Iztacalco,Fracc. COYUYA
Iztacalco,VIADUCTO PIEDAD
Iztacalco,SANTA ANITA
Iztacalco,LA CRUZ
Iztacalco,CUCHILLA AGRICOLA ORIENTAL
Iztacalco,AGRICOLA ORIENTAL
Iztacalco,GRANJAS MEXICO
Iztacalco,AGRICOLA PANTITLAN
Iztapalapa,ALLEPETLALLI
Iztapalapa,CELOALLIOTLI
Iztapalapa,CANANEA
Iztapalapa,USCOVI
Iztapalapa,LA PLANTA
Iztapalapa,JARDINES DE SAN LORENZO TEZONCO
Iztapalapa,EL MOLINO TEZONCO
Iztapalapa,VALLE DE SAN LORENZO
Iztapalapa,EL ROSARIO
Iztapalapa,Bo. SAN LORENZO
Iztapalapa,Bo. SAN ANTONIO
Iztapalapa,JOSE LOPEZ PORTILLO
Iztapalapa,CARLOS JONGUITUD BARRIOS
Iztapalapa,Bo. DE GUADALUPE
Iztapalapa,U.Habit. 28 DE JUNIO
Iztapalapa,LA ESPERANZA
Iztapalapa,EL VERGEL
Iztapalapa,DEGOLLADO
Iztapalapa,Pbo. SAN LORENZO TEZONCO
Iztapalapa,AÃ‘O DE JUAREZ
Iztapalapa,EL TRIANGULO
Iztapalapa,LA POLVORILLA
Iztapalapa,SAN JOSE BUENAVISTA
Iztapalapa,LOMAS DE SAN LORENZO
Iztapalapa,MIXCOATL
Iztapalapa,GRANJAS ESTRELLA
Iztapalapa,ZONA RUSTICA
Iztapalapa,BARRANCA DE GUADALUPE
Iztapalapa,LOMAS ESTRELLA
Iztapalapa,SAN JUAN ESTRELLA
Iztapalapa,CERRO DE LA ESTRELLA
Iztapalapa,Pbo. SAN ANDRES TOMATLAN
Iztapalapa,Pbo. STA MARIA TOMATLAN
Iztapalapa,Ampl. BELLAVISTA
Iztapalapa,CONSEJO AGRARISTA MEXICANO
Iztapalapa,BENITO JUAREZ
Iztapalapa,PUENTE BLANCO
Iztapalapa,BELLAVISTA
Iztapalapa,12 DE DICIEMBRE
Iztapalapa,CAMPESTRE POTRERO
Iztapalapa,INSURGENTES
Iztapalapa,FUEGO NUEVO
Iztapalapa,ESTRELLA CULHUACAN
Iztapalapa,CASA BLANCA
Iztapalapa,CARLOS HANK GONZALEZ
Iztapalapa,BUENAVISTA
Iztapalapa,TENORIOS
Iztapalapa,SAN ANTONIO CULHUACAN
Iztapalapa,LOMAS DE STA CRUZ
Iztapalapa,SAN PABLO
Iztapalapa,Bo. SAN SIMON CULHUACAN
Iztapalapa,DESARROLLO URBANO QUETZALCOATL
Iztapalapa,SAN MIGUEL TEOTONGO (SECC RANCHO BAJO)
Iztapalapa,EL MIRADOR
Iztapalapa,PRESIDENTES DE MEXICO
Iztapalapa,EL RODEO
Iztapalapa,SAN MIGUEL TEOTONGO (SECC AVISADERO)
Iztapalapa,Bo. TULA
Iztapalapa,Ampl. PARAJE SAN JUAN
Iztapalapa,SAN JUAN JOYA
Iztapalapa,ZONA RUSTICA
Iztapalapa,FRANCISCO VILLA
Iztapalapa,LAS PEÃ‘AS
Iztapalapa,MIRAVALLES
Iztapalapa,SAN MIGUEL TEOTONGO (SECC CORRALES)
Iztapalapa,LOMAS DE LA ESTANCIA
Iztapalapa,SAN JUAN XALPA
Iztapalapa,PALMITAS
Iztapalapa,SAN MIGUEL TEOTONGO (SECC LOMA ALTA)
Iztapalapa,LOS ANGELES APANOAYA
Iztapalapa,VALLE DE LUCES
Iztapalapa,SAN MIGUEL TEOTONGO (SECC LA CRUZ)
Iztapalapa,Pbo. STA CRUZ MEYEHUALCO
Iztapalapa,Pbo. CULHUACAN
Iztapalapa,Ampl. EMILIANO ZAPATA
Iztapalapa,LA ERA
Iztapalapa,REFORMA POLITICA
Iztapalapa,SAN MIGUEL TEOTONGO (SECC PALMITAS)
Iztapalapa,SAN MIGUEL TEOTONGO (SECCION IZTLAHUACA)
Iztapalapa,CITLALLI
Iztapalapa,SAN NICOLAS TOLENTINO
Iztapalapa,SAN MIGUEL TEOTONGO (SECC GUADALUPE)
Iztapalapa,Bo. SAN ANTONIO CULHUACAN
Iztapalapa,SAN MIGUEL TEOTONGO SECC CAPILLA
Iztapalapa,SAN MIGUEL TEOTONGO (SECC JARDINES)
Iztapalapa,PARAJE SAN JUAN
Iztapalapa,SAN MIGUEL TEOTONGO (SECC ACORRALADO)
Iztapalapa,Ampl. LOS REYES
Iztapalapa,PARAJE SAN JUAN CERRO
Iztapalapa,IZTLAHUACAN
Iztapalapa,Pbo. LOS REYES CULHUACAN
Iztapalapa,MIGUEL DE LA MADRID HURTADO
Iztapalapa,SAN MIGUEL TEOTONGO (SECC LAS TORRES)
Iztapalapa,XALPA
Iztapalapa,Ampl. SANTA MARIA AZTAHUACAN
Iztapalapa,SAN MIGUEL TEOTONGO (SECC RANCHITO)
Iztapalapa,COLONIAL IZTAPALAPA
Iztapalapa,VALLE DEL SUR
Iztapalapa,LOS ANGELES
Iztapalapa,SAN MIGUEL TEOTONGO (SECC MERCEDES)
Iztapalapa,JACARANDAS
Iztapalapa,PARQUE NACIONAL CERRO DE LA ESTRELLA
Iztapalapa,ESTADO DE VERACRUZ
Iztapalapa,Ampl. VERACRUZANA
Iztapalapa,SANTIAGO ACAHUALTEPEC 2A AMPL
Iztapalapa,LOMAS EL MANTO
Iztapalapa,ESTRELLA DEL SUR
Iztapalapa,Ampl. SAN MIGUEL
Iztapalapa,CONSTITUCION DE 1917
Iztapalapa,EL MANTO
Iztapalapa,LA REGADERA
Iztapalapa,SANTA MARIA DEL MONTE
Iztapalapa,SANTIAGO ACAHUALTEPEC 1A AMPL
Iztapalapa,Ampl. EL SANTUARIO
Iztapalapa,RICARDO FLORES MAGON
Iztapalapa,PLAN DE IGUALA
Iztapalapa,SAN MIGUEL 8VA AMPLIACION
Iztapalapa,SANTA ISABEL INDUSTRIAL
Iztapalapa,LOS CIPRESES
Iztapalapa,EL SANTUARIO
Iztapalapa,AMPLIACION RICARDO FLORES MAGON
Iztapalapa,MINERVA
Iztapalapa,EL MOLINO
Iztapalapa,MONTE ALBAN
Iztapalapa,PROGRESO DEL SUR
Iztapalapa,SAN MIGUEL TEOTONGO SECC PUENTE
Iztapalapa,GRANJAS ESMERALDA
Iztapalapa,Pbo. SANTIAGO ACAHUALTEPEC
Iztapalapa,Pbo. SANTA MARIA AZTAHUACAN
Iztapalapa,LOMAS DE ZARAGOZA
Iztapalapa,EL PRADO
Iztapalapa,PARAJE ZACATEPEC
Iztapalapa,Pbo. MEXICALTZINGO
Iztapalapa,CACAMA
Iztapalapa,EVA SAMANO DE LOPEZ MATEOS
Iztapalapa,Bo. SAN PABLO
Iztapalapa,ALBARRADA
Iztapalapa,Bo. SAN LUCAS
Iztapalapa,PROGRESISTA
Iztapalapa,HEROES DE CHURUBUSCO
Iztapalapa,Bo. SAN MIGUEL
Iztapalapa,UNIDAD VICENTE GUERRERO
Iztapalapa,SINATEL
Iztapalapa,LEYES DE REFORMA 1A SECCION
Iztapalapa,SANTA MARIA AZTAHUACAN
Iztapalapa,EL EDEN
Iztapalapa,Bo. SAN JOSE
Iztapalapa,Bo. LA ASUNCION
Iztapalapa,JUSTO SIERRA
Iztapalapa,BANJIDAL
Iztapalapa,Pbo. SAN SEBASTIAN TECOLOXTITLA
Iztapalapa,Bo. SAN IGNACIO
Iztapalapa,Pbo. SANTA MARTHA ACATITLA
Iztapalapa,Bo. SANTA BARBARA
Iztapalapa,UNIDAD MODELO
Iztapalapa,SANTA CRUZ MEYEHUALCO
Iztapalapa,Ampl. SINATEL
Iztapalapa,SECTOR POPULAR
Iztapalapa,ESCUADRON 201
Iztapalapa,GRANJAS DE SAN ANTONIO
Iztapalapa,Bo. SAN PEDRO
Iztapalapa,ERMITA ZARAGOZA
Iztapalapa,LEYES DE REFORMA 2A SECCION
Iztapalapa,EJERCITO DE AGUA PRIETA
Iztapalapa,RENOVACION
Iztapalapa,EJERCITO DE ORIENTE ZONA PEÃ‘ON
Iztapalapa,GUADALUPE DEL MORAL
Iztapalapa,EL SIFON
Iztapalapa,JOSE MARIA MORELOS Y PAVON
Iztapalapa,SIDERAL
Iztapalapa,Pbo. SAN JUANICO NEXTIPAC
Iztapalapa,EL RETOÃ‘O
Iztapalapa,ALVARO OBREGON
Iztapalapa,JARDINES DE CHURUBUSCO
Iztapalapa,SAN ANDRES TETEPILCO
Iztapalapa,ZACAHUITZCO
Iztapalapa,Pbo. ACULCO
Iztapalapa,Ampl. EL TRIUNFO
Iztapalapa,NUEVA ROSITA
Iztapalapa,Pbo. MAGDALENA ATLAZOLPA
Iztapalapa,STA MARTHA ACATITLA SUR
Iztapalapa,EL TRIUNFO
Iztapalapa,SAN JOSE ACULCO
Iztapalapa,U.Habit. LOS PICOS VI-B
Iztapalapa,PURISIMA ATLAZOLPA
Iztapalapa,EL PARAISO
Iztapalapa,APATLACO
Iztapalapa,CENTRAL DE ABASTO
Iztapalapa,LEYES DE REFORMA 3A SECCION
Iztapalapa,SANTA MARTHA ACATITLA NORTE
Iztapalapa,EJERCITO DE ORIENTE
Iztapalapa,Pbo. SAN LORENZO XICOTENCATL
Iztapalapa,CUCHILLA DEL MORAL
Iztapalapa,DR ALFONSO ORTIZ TIRADO
Iztapalapa,PASEOS DE CHURUBUSCO
Iztapalapa,CHINAMPAC DE JUAREZ
Iztapalapa,UNIDAD EJERCITO CONSTITUCIONALISTA
Iztapalapa,REAL DEL MORAL
Iztapalapa,TEPALCATES
Iztapalapa,JUAN ESCUTIA
Magdalena Contreras,LAS HUERTAS
Magdalena Contreras,CRESCENCIO JUAREZ CHAVIRA
Magdalena Contreras,LA CARBONERA
Magdalena Contreras,Bo. LAS CALLES
Magdalena Contreras,Pbo. SAN NICOLAS TOTOLAPAN
Magdalena Contreras,Pbo. LA MAGDALENA
Magdalena Contreras,PLAZUELA DEL PEDREGAL
Magdalena Contreras,EL OCOTAL
Magdalena Contreras,LA CONCEPCION
Magdalena Contreras,EL ERMITAÃ‘O
Magdalena Contreras,Pbo. PUEBLO NUEVO ALTO
Magdalena Contreras,TIERRA UNIDA
Magdalena Contreras,POTRERILLO
Magdalena Contreras,LA GUADALUPE
Magdalena Contreras,Ampl. POTRERILLO
Magdalena Contreras,BARRANCA SECA
Magdalena Contreras,Pbo. NUEVO BAJO
Magdalena Contreras,LA CRUZ
Magdalena Contreras,Ampl. LOMAS DE SAN BERNABE
Magdalena Contreras,HUAYATLA
Magdalena Contreras,SANTA TERESA
Magdalena Contreras,EL ROSAL
Magdalena Contreras,SAN FRANCISCO
Magdalena Contreras,PALMAS
Magdalena Contreras,EL TORO
Magdalena Contreras,VISTA HERMOSA
Magdalena Contreras,HEROES DE PADIERNA
Magdalena Contreras,ATACAXCO
Magdalena Contreras,LOMAS DE SAN BERNABE
Magdalena Contreras,Bo. SAN FRANCISCO
Magdalena Contreras,LOMAS QUEBRADAS
Magdalena Contreras,BARROS SIERRA
Magdalena Contreras,Z.Feder. ZONA RUSTICA
Magdalena Contreras,Pbo. SAN BERNABE OCOTEPEC
Magdalena Contreras,SAN JERONIMO ACULCO
Magdalena Contreras,LOS PADRES
Magdalena Contreras,CUAUHTEMOC
Magdalena Contreras,CERRO DEL JUDIO - AV
Magdalena Contreras,LAS CRUCES
Magdalena Contreras,LA MALINCHE
Magdalena Contreras,EL TANQUE
Magdalena Contreras,SAN BARTOLO AMEYALCO
Magdalena Contreras,SAN JERONIMO LIDICE
Magdalena Contreras,EL MAESTRO
Miguel Hidalgo,LOMAS DE BEZARES
Miguel Hidalgo,16 DE SEPTIEMBRE
Miguel Hidalgo,REAL DE LAS LOMAS
Miguel Hidalgo,ESCANDON II SECCION
Miguel Hidalgo,LOMAS ALTAS
Miguel Hidalgo,LOMAS DE REFORMA
Miguel Hidalgo,AMERICA
Miguel Hidalgo,TACUBAYA
Miguel Hidalgo,ESCANDON I SECCION
Miguel Hidalgo,OBSERVATORIO
Miguel Hidalgo,DANIEL GARZA
Miguel Hidalgo,Ampl. DANIEL GARZA
Miguel Hidalgo,SAN MIGUEL CHAPULTEPEC I SECCION
Miguel Hidalgo,LOMAS DE CHAPULTEPEC VII SECCION
Miguel Hidalgo,BOSQUE DE CHAPULTEPEC III SECCION
Miguel Hidalgo,LOMAS DE CHAPULTEPEC I SECCION
Miguel Hidalgo,BOSQUE DE LAS LOMAS
Miguel Hidalgo,PANTEON CIVIL DE DOLORES
Miguel Hidalgo,SAN MIGUEL CHAPULTEPEC II SECCION
Miguel Hidalgo,LOMAS DE CHAPULTEPEC VI SECCION
Miguel Hidalgo,MOLINO DEL REY
Miguel Hidalgo,BOSQUE DE CHAPULTEPEC II SECCION
Miguel Hidalgo,LOMAS DE CHAPULTEPEC IV SECCION
Miguel Hidalgo,LOMAS DE CHAPULTEPEC V SECCION
Miguel Hidalgo,LOMAS DE CHAPULTEPEC VIII SECCION
Miguel Hidalgo,LOMAS DE CHAPULTEPEC II SECCION
Miguel Hidalgo,ANZURES
Miguel Hidalgo,BOSQUE DE CHAPULTEPEC I SECCION
Miguel Hidalgo,LOMAS DE CHAPULTEPEC III SECCION
Miguel Hidalgo,REFORMA SOCIAL
Miguel Hidalgo,ANZURES
Miguel Hidalgo,POLANCO V SECCION
Miguel Hidalgo,POLANCO IV SECCION
Miguel Hidalgo,POLANCO III SECCION
Miguel Hidalgo,POLANCO II SECCION
Miguel Hidalgo,POLANCO I SECCION
Miguel Hidalgo,VERONICA ANZURES
Miguel Hidalgo,Residnc. MILITAR
Miguel Hidalgo,DOS LAGOS
Miguel Hidalgo,TLAXPANA
Miguel Hidalgo,Ampl. POPO
Miguel Hidalgo,GRANADA
Miguel Hidalgo,LAGO SUR
Miguel Hidalgo,Ampl. GRANADA
Miguel Hidalgo,CUAUHTEMOC PENSIL
Miguel Hidalgo,PENSIL SUR
Miguel Hidalgo,POPO
Miguel Hidalgo,IRRIGACION
Miguel Hidalgo,LAGO NORTE
Miguel Hidalgo,MARIANO ESCOBEDO
Miguel Hidalgo,MODELO PENSIL
Miguel Hidalgo,FRANCISCO I MADERO
Miguel Hidalgo,LOMAS HERMOSA
Miguel Hidalgo,ANAHUAC II SECCION
Miguel Hidalgo,10 DE ABRIL
Miguel Hidalgo,PERALITOS
Miguel Hidalgo,5 DE MAYO
Miguel Hidalgo,AHUEHUETES ANAHUAC
Miguel Hidalgo,UN HOGAR PARA NOSOTROS
Miguel Hidalgo,LOS MANZANOS
Miguel Hidalgo,REFORMA PENSIL
Miguel Hidalgo,ANAHUAC I SECCION
Miguel Hidalgo,DEPORTIVO PENSIL
Miguel Hidalgo,MANUEL AVILA CAMACHO
Miguel Hidalgo,PERIODISTA
Miguel Hidalgo,SANTO TOMAS
Miguel Hidalgo,LOMAS DE SOTELO
Miguel Hidalgo,PENSIL NORTE
Miguel Hidalgo,SAN JUANICO
Miguel Hidalgo,MEXICO NUEVO
Miguel Hidalgo,VENTURA PEREZ DE ALVA
Miguel Hidalgo,SAN JOAQUIN
Miguel Hidalgo,AGRICULTURA
Miguel Hidalgo,Ampl. TORRE BLANCA
Miguel Hidalgo,PLUTARCO ELIAS CALLES
Miguel Hidalgo,LEGARIA
Miguel Hidalgo,NEXTITLA
Miguel Hidalgo,ARGENTINA ANTIGUA
Miguel Hidalgo,TORRE BLANCA
Miguel Hidalgo,POPOTLA
Miguel Hidalgo,HUICHAPAN
Miguel Hidalgo,TACUBA
Miguel Hidalgo,SAN DIEGO OCOYOACAC
Miguel Hidalgo,IGNACIO MANUEL ALTAMIRANO
Miguel Hidalgo,ARGENTINA PONIENTE
Miguel Hidalgo,SAN LORENZO TLATENANGO
Milpa Alta,Bo. SAN MARCOS
Milpa Alta,Bo. SAN MIGUEL
Milpa Alta,Bo. SAN JOSE
Milpa Alta,Bo. LA LUPITA TETIPAC
Milpa Alta,Bo. LA LUPITA XOLCO
Milpa Alta,Pbo. SAN LORENZO TLACOYUCAN
Milpa Alta,Bo. CHALMITA
Milpa Alta,Bo. LA LUZ
Milpa Alta,ZONA RUSTICA
Milpa Alta,Bo. SAN JUAN DEL PUEBLO SAN PABLO OZTOTEPEC
Milpa Alta,ZONA RUSTICA
Milpa Alta,Bo. LOS ANGELES
Milpa Alta,Bo. CENTRO
Milpa Alta,Bo. SAN MIGUEL
Milpa Alta,Bo. SAN AGUSTIN
Milpa Alta,Bo. LA CONCEPCION
Milpa Alta,Villa MILPA ALTA CENTRO
Milpa Alta,Pbo. SAN JUAN TEPENAHUAC
Milpa Alta,Bo. SAN MATEO
Milpa Alta,Pbo. SN JERONIMO MIACATLAN
Milpa Alta,Pbo. SN SALVADOR CUAUHTENCO
Milpa Alta,ZONA RUSTICA
Milpa Alta,ZONA RUSTICA
Milpa Alta,Pbo. SAN AGUSTIN OHTENCO
Milpa Alta,Bo. OCOTITLA
Milpa Alta,Bo. PANCHIMALCO
Milpa Alta,Bo. SANTA MARTHA
Milpa Alta,Bo. SANTA CRUZ
Milpa Alta,Pbo. SAN FRANCISCO  TECOXPA
Milpa Alta,Bo. TULA
Milpa Alta,Bo. NOCHTLA
Milpa Alta,Pbo. SAN BARTOLOME XICOMULCO
Milpa Alta,LA CONCHITA
Milpa Alta,Bo. XOCHITEPEC
Milpa Alta,Bo. XALTIPAC
Milpa Alta,Bo. CRUZTITLA
Milpa Alta,Bo. XALTIPAC
Milpa Alta,Bo. TENANTITLA
Milpa Alta,ZONA RUSTICA
Milpa Alta,ZONA RUSTICA
Milpa Alta,Bo. TECAXTITLA
Milpa Alta,Bo. XALTIPAC
Tláhuac,TEPANTITLAMILCO
Tláhuac,Pbo. SAN NICOLAS TETELCO
Tláhuac,Bo. SAN MIGUEL
Tláhuac,ZONA RUSTICA
Tláhuac,Bo. SAN AGUSTIN
Tláhuac,BARRIO SANTA CRUZ
Tláhuac,Bo. SAN BARTOLOME
Tláhuac,Bo. LOS REYES
Tláhuac,PEÃ‘A ALTA
Tláhuac,JARDINES DEL LLANO
Tláhuac,POTRERO DEL LLANO
Tláhuac,JAIME TORRES BODET
Tláhuac,AMPLIACION LA CONCHITA
Tláhuac,TIERRA BLANCA
Tláhuac,BARRIO LA SOLEDAD
Tláhuac,Bo. LA CONCEPCION
Tláhuac,LA ASUNCION
Tláhuac,EL ROSARIO
Tláhuac,Bo. SAN AGUSTIN
Tláhuac,ZONA RUSTICA
Tláhuac,LA LUPITA
Tláhuac,FRANCISCO VILLA
Tláhuac,SAN SEBASTIAN
Tláhuac,SAN ISIDRO
Tláhuac,QUIAHUATLA
Tláhuac,Bo. SAN ANDRES
Tláhuac,Bo. LOS REYES
Tláhuac,Bo. SAN MIGUEL
Tláhuac,Bo. LA GUADALUPE
Tláhuac,Bo. LA MAGDALENA
Tláhuac,Bo. SANTA ANA
Tláhuac,LA HABANA
Tláhuac,Bo. SAN JUAN
Tláhuac,Bo. SAN MATEO
Tláhuac,Bo. LA ASUNCION
Tláhuac,SAN JOSE
Tláhuac,STA CECILIA
Tláhuac,LA DRAGA
Tláhuac,EL TRIANGULO
Tláhuac,Villa CENTRO AMERICANA
Tláhuac,SELENE
Tláhuac,OJO DE AGUA
Tláhuac,AGRICOLA METROPOLITANA
Tláhuac,LA CONCHITA ZAPOTITLAN
Tláhuac,Ampl. SELENE
Tláhuac,SELENE
Tláhuac,GUADALUPE TLALTENCO
Tláhuac,DEL MAR
Tláhuac,BARRIO SANTIAGO SUR
Tláhuac,ZONA RUSTICA
Tláhuac,LA TURBA
Tláhuac,3 DE MAYO
Tláhuac,ZACATENCO
Tláhuac,Bo. STA ANA SUR
Tláhuac,MIGUEL HIDALGO
Tláhuac,Bo. SANTA ANA CENTRO
Tláhuac,BARRIO SANTIAGO CENTRO
Tláhuac,Pbo. SAN FRANCISCO TLALTENCO
Tláhuac,LA NOPALERA
Tláhuac,LOPEZ PORTILLO
Tláhuac,BARRIO SANTIAGO NORTE
Tláhuac,Ampl. JOSE LOPEZ PORTILLO
Tláhuac,LOS OLIVOS
Tláhuac,GRANJAS CABRERA
Tláhuac,Bo. SAN MIGUEL
Tláhuac,Bo. SANTA ANA NORTE
Tláhuac,Bo. SANTA ANA PONIENTE
Tláhuac,AMPLIACION  ZAPOTITLA
Tláhuac,AMPLIACION LOS OLIVOS
Tláhuac,ZAPOTITLA
Tláhuac,Bo. GUADALUPE STA CATARINA YEC
Tláhuac,Bo. LA CONCEPCION
Tláhuac,LAS ARBOLEDAS
Tláhuac,LA ESTACION
Tláhuac,CHICHILAULA
Tláhuac,Pbo. SANTA CATARINA YECAHUIZOTL
Tláhuac,Bo. SANTIAGO
Tláhuac,LA MEZA
Tláhuac,ZONA RUSTICA
Tláhuac,TEOZOMA
Tláhuac,Ampl. SANTA CATARINA
Tláhuac,Bo. LA GUADALUPE
Tláhuac,ZONA RUSTICA
Tlalpan,Pbo. PARRES EL GUARDA
Tlalpan,Pbo. SAN MIGUEL TOPILEJO
Tlalpan,Pbo. SANTO TOMAS AJUSCO
Tlalpan,EL CHARCO
Tlalpan,EL CANTIL
Tlalpan,Pbo. SAN MIGUEL AJUSCO
Tlalpan,Pbo. LA MAGDALENA PETLACALCO
Tlalpan,PLAN DE AYALA
Tlalpan,Pbo. SAN MIGUEL XICALCO
Tlalpan,DOLORES TLALI
Tlalpan,Z.Feder. ZONA RUSTICA
Tlalpan,VIVEROS COATECTLAN
Tlalpan,VALLE VERDE
Tlalpan,HEROES DE 1910
Tlalpan,LA PALMA
Tlalpan,TLALPUENTE
Tlalpan,DIVISADERO
Tlalpan,MIRADOR DEL VALLE
Tlalpan,Pbo. SAN ANDRES TOTOLTEPEC
Tlalpan,NUEVO RENACIMIENTO DE AXALCO
Tlalpan,TLALMILLE
Tlalpan,TECORRAL
Tlalpan,MARIA ESTHER ZUNO DE ECHEVERRIA
Tlalpan,RINCONADA EL MIRADOR
Tlalpan,HEROICO COLEGIO MILITAR
Tlalpan,MOVIMIENTO ORGANIZADO DE TLALPAN
Tlalpan,JUVENTUD UNIDA
Tlalpan,PRIMAVERA
Tlalpan,EL MIRADOR 1A SECCION
Tlalpan,EL MIRADOR 3A SECC
Tlalpan,TEPEXIMILPA LA PAZ
Tlalpan,LOMA BONITA
Tlalpan,BELVEDERE AJUSCO
Tlalpan,CHIMILLI
Tlalpan,EL MIRADOR 2A SECC
Tlalpan,PARAJE 38
Tlalpan,LOS VOLCANES
Tlalpan,DIAMANTE
Tlalpan,CRUZ DEL FAROL
Tlalpan,MIRADOR 1
Tlalpan,Pbo. SAN PEDRO MARTIR
Tlalpan,CUMBRES DE TEPETONGO
Tlalpan,SANTISIMA TRINIDAD
Tlalpan,MIRADOR II
Tlalpan,PEDREGAL DE LAS AGUILAS
Tlalpan,LOMAS DE CUILOTEPEC
Tlalpan,VALLE DE TEPEPAN
Tlalpan,SANTISIMA TRINIDAD
Tlalpan,VALLE DE TEPEPAN
Tlalpan,TLAXCALTENCO LA MESA
Tlalpan,FUENTES DE TEPEPAN
Tlalpan,SAN JUAN TEPEXIMILPA
Tlalpan,VISTAS DEL PEDREGAL
Tlalpan,BOSQUES DEL PEDREGAL
Tlalpan,EJIDOS DE SAN PEDRO MARTIR
Tlalpan,DOS DE OCTUBRE
Tlalpan,LOMAS DEL PEDREGAL
Tlalpan,LOMAS DE PADIERNA SUR
Tlalpan,TEXCALTENCO
Tlalpan,ROCA DE CRISTAL
Tlalpan,LOMAS HIDALGO
Tlalpan,BOSQUES DE TEPEXIMILPA
Tlalpan,PEDREGAL DE SANTA URSULA XITLA
Tlalpan,CUCHILLA DE PADIERNA
Tlalpan,Pbo. CHIMALCOYOTL
Tlalpan,PEDREGAL DE SAN NICOLAS 5A SECCION
Tlalpan,EL FRESNO
Tlalpan,EL TRUENITO
Tlalpan,MESA DE LOS HORNOS
Tlalpan,CULTURA MAYA
Tlalpan,TLALCOLIGIA
Tlalpan,CHICHICASPATL
Tlalpan,ZONA RUSTICA
Tlalpan,MIGUEL HIDALGO 4A SECCION
Tlalpan,LOS ENCINOS
Tlalpan,Villa TLALPAN
Tlalpan,LAS TORTOLAS
Tlalpan,VALLE ESCONDIDO
Tlalpan,PEDREGAL DE SAN NICOLAS 4A SECC
Tlalpan,TORRES DE PADIERNA
Tlalpan,COLINAS DEL BOSQUE
Tlalpan,Bo. EL CAPULIN
Tlalpan,LA JOYA
Tlalpan,SAN BUENAVENTURA
Tlalpan,MIGUEL HIDALGO 1RA SECCION
Tlalpan,MIGUEL HIDALGO 3A SECCION
Tlalpan,CLUB DE GOLF MEXICO
Tlalpan,MIGUEL HIDALGO 2A SECC
Tlalpan,SAN BARTOLO EL CHICO
Tlalpan,PEDREGAL DE SAN NICOLAS 3A SECCION
Tlalpan,AMSA
Tlalpan,GUADALUPE
Tlalpan,TLALPAN CENTRO
Tlalpan,Pbo. STA URSULA XITLA
Tlalpan,HEROES DE PADIERNA
Tlalpan,COLINAS DEL AJUSCO
Tlalpan,ARENAL TEPEPAN
Tlalpan,RANCHO LOS COLORINES
Tlalpan,FUENTES BROTANTES
Tlalpan,Bo. DEL NIÃ‘O JESUS
Tlalpan,ARENAL DE GUADALUPE
Tlalpan,EX HDA SAN JUAN DE DIOS
Tlalpan,PEDREGAL DE SAN NICOLAS 2A SECCION
Tlalpan,MIGUEL HIDALGO
Tlalpan,Bo. LA FAMA
Tlalpan,HACIENDA SAN JUAN
Tlalpan,RINCONADA COAPA 1A SECC
Tlalpan,Bo. LA LONJA
Tlalpan,JARDINES DEL AJUSCO
Tlalpan,CHIMALLI
Tlalpan,NARCISO MENDOZA
Tlalpan,MAGISTRAL COAPA
Tlalpan,Bo. DE CARAMAGUEY
Tlalpan,PRADO COAPA 3A SECC
Tlalpan,ARBOLEDAS  DEL SUR
Tlalpan,TLALPAN
Tlalpan,BELISARIO DOMINGUEZ SECCION XVI
Tlalpan,Residnc. VILLA COAPA
Tlalpan,MAGISTERIAL
Tlalpan,ZACAYUCAN PEÃ‘A POBRE
Tlalpan,Villa COAPA
Tlalpan,SAN PEDRO APOSTOL
Tlalpan,PARQUE NAL DEL PEDREGAL ( BOSQUE DEL PEDREGAL )
Tlalpan,RINCONADA LAS HADAS
Tlalpan,ROMULO SANCHEZ MIRELES
Tlalpan,TORIELLO GUERRA
Tlalpan,Ampl. ISIDRO FABELA
Tlalpan,LOMAS DE PADIERNA
Tlalpan,Bo. SAN FERNANDO
Tlalpan,CANTERA PUENTE DE PIEDRA
Tlalpan,GRANJAS COAPA
Tlalpan,EX HACIENDA COAPA
Tlalpan,RESIDENCIAL ACOXPA
Tlalpan,VILLA LAZARO CARDENAS
Tlalpan,PEDREGAL DE SAN NICOLAS 1A SECC
Tlalpan,U.Habit. ZAPOTE 1
Tlalpan,Pbo. QUIETO
Tlalpan,Pbo. SAN LORENZO HUIPULCO
Tlalpan,RINCONADA COAPA 2A SECCION
Tlalpan,COMUNEROS DE SANTA URSULA
Tlalpan,NUEVA ORIENTAL COAPA
Tlalpan,VERGEL DEL SUR
Tlalpan,Villa OLIMPICA
Tlalpan,TENORIOS
Tlalpan,PARQUE DEL PEDREGAL
Tlalpan,ISIDRO FABELA
Tlalpan,PEÃ‘A POBRE
Tlalpan,POPULAR SANTA TERESA
Tlalpan,Residnc. MIRAMONTES
Tlalpan,PRADO COAPA 1A SECC
Tlalpan,PRADO COAPA 2A SECC
Tlalpan,VERGEL DE COYOACAN
Tlalpan,VERGEL COAPA
Tlalpan,JARDINES EN LA MONTAÃ‘A
Tlalpan,LOS FRAMBOYANOS
Tlalpan,FLORESTA COYOACAN
Tlalpan,BELISARIO DOMINGUEZ
Tlalpan,Ampl. FUENTES DEL PEDREGAL
Tlalpan,FUENTES DEL PEDREGAL
Tlalpan,RINCON DEL PEDREGAL
Venustiano Carranza,JAMAICA
Venustiano Carranza,MAGDALENA MIXIUHCA
Venustiano Carranza,PUEBLO DE LA MAGDALENA MIXIUHCA
Venustiano Carranza,SEVILLA
Venustiano Carranza,PUEBLA
Venustiano Carranza,ARTES GRAFICAS
Venustiano Carranza,AARON SAENZ
Venustiano Carranza,ALVARO OBREGON
Venustiano Carranza,Ampl. AVIACION CIVIL
Venustiano Carranza,24 DE ABRIL
Venustiano Carranza,AVIACION CIVIL
Venustiano Carranza,LORENZO BOTURINI
Venustiano Carranza,VALENTIN GOMEZ FARIAS
Venustiano Carranza,4 ARBOLES
Venustiano Carranza,GENERAL IGNACIO ZARAGOZA
Venustiano Carranza,MERCED BALBUENA
Venustiano Carranza,AREONAUTICA MILITAR
Venustiano Carranza,INDUSTRIAL PUERTO AEREO
Venustiano Carranza,SANTA CRUZ AVIACION
Venustiano Carranza,CUCHILLA PANTITLAN
Venustiano Carranza,ADOLFO LOPEZ MATEOS
Venustiano Carranza,ARENAL 2A SECCION
Venustiano Carranza,FEDERAL
Venustiano Carranza,JARDIN BALBUENA
Venustiano Carranza,CARACOL
Venustiano Carranza,ARENAL 1A SECCION
Venustiano Carranza,AMPLIACION CARACOL
Venustiano Carranza,ARENAL PUERTO AEREO
Venustiano Carranza,ARENAL 3A SECCION
Venustiano Carranza,DEL PARQUE
Venustiano Carranza,7 DE JULIO
Venustiano Carranza,ESCUELA DE TIRO
Venustiano Carranza,MOCTEZUMA 1A SECCION
Venustiano Carranza,10 DE MAYO
Venustiano Carranza,PROGRESISTA
Venustiano Carranza,PENITENCIARIA
Venustiano Carranza,AMPLIACION PENITENCIARIA
Venustiano Carranza,AZTECA
Venustiano Carranza,MIGUEL HIDALGO
Venustiano Carranza,VENUSTIANO CARRANZA
Venustiano Carranza,MOCTEZUMA 2A SECCION
Venustiano Carranza,TRES MOSQUETEROS
Venustiano Carranza,REVOLUCION
Venustiano Carranza,ZONA CENTRO
Venustiano Carranza,PEÃ‘ON DE LOS BAÃ‘OS
Venustiano Carranza,ARENAL 4A SECCION
Venustiano Carranza,DAMIAN CARMONA
Venustiano Carranza,AMPLIACION 20 DE NOVIEMBRE
Venustiano Carranza,ROMERO RUBIO
Venustiano Carranza,1o DE MAYO
Venustiano Carranza,Ampl. VENUSTIANO CARRANZA
Venustiano Carranza,20 DE NOVIEMBRE
Venustiano Carranza,Ampl. MICHOACANA
Venustiano Carranza,MICHOACANA
Venustiano Carranza,Ampl. SIMON BOLIVAR
Venustiano Carranza,JANITZIO
Venustiano Carranza,PENSADOR MEXICANO
Venustiano Carranza,AQUILES SERDAN
Venustiano Carranza,AEROPUERTO INTERNACIONAL DE LA CD DE MEXICO
Venustiano Carranza,SIMON BOLIVAR
Venustiano Carranza,MORELOS
Venustiano Carranza,EMILIO CARRANZA
Venustiano Carranza,5O. TRAMO 20 DE NOVIEMBRE
Venustiano Carranza,POPULAR RASTRO
Venustiano Carranza,FELIPE ANGELES
Venustiano Carranza,NICOLAS BRAVO
Venustiano Carranza,VALLE GOMEZ
Xochimilco,Pbo. SAN SALVADOR CUAUHTENCO
Xochimilco,Pbo. SAN FRANCISCO TLALNEPANTLA
Xochimilco,Pbo. STA CECILIA TEPETLAPA
Xochimilco,Bo. CHAPULTEPEC
Xochimilco,ROSARIO TLALI
Xochimilco,Bo. EL CALVARIO
Xochimilco,SANTA CRUZ DE GUADALUPE
Xochimilco,SANTA CRUZ CHAVARRIETA
Xochimilco,EL ARENAL
Xochimilco,SANTA INES
Xochimilco,VALLE SANTA MARIA
Xochimilco,Pbo. SAN MATEO XALPA
Xochimilco,Ampl. NATIVITAS LA JOYA
Xochimilco,SAN LUCAS ORIENTE
Xochimilco,Bo. LAS FLORES
Xochimilco,Ampl. NATIVITAS
Xochimilco,SAN LUCAS ORIENTE
Xochimilco,Bo. LAS CRUCES
Xochimilco,LA CAÃ‘ADA
Xochimilco,EL SACRIFICIO
Xochimilco,LAS MESITAS
Xochimilco,TEXMIC
Xochimilco,ZONA RUSTICA
Xochimilco,LOMAS DE NATIVITAS
Xochimilco,Pbo. SAN LORENZO ATEMOAYA
Xochimilco,Pbo. SANTIAGO TEPALCATLALPAN
Xochimilco,Pbo. SANTIAGO TEPALCATLALPAN
Xochimilco,Bo. AHUALAPA
Xochimilco,RANCHO TEJOMULCO
Xochimilco,EL JAZMIN
Xochimilco,LOMAS DE TONALCO
Xochimilco,CERRILLOS SEGUNDA SECCION
Xochimilco,Bo. TETITLA
Xochimilco,Bo. DEL PUENTE
Xochimilco,Pbo. SANTA MARÃA NATIVITAS
Xochimilco,TABLAS DE SAN LORENZO
Xochimilco,Bo. POCITOS
Xochimilco,ZONA RUSTICA
Xochimilco,Bo. LA PLANTA
Xochimilco,Bo. APATLACO
Xochimilco,LOS REYES
Xochimilco,Pbo. SAN LUCAS XOCHIMANCA
Xochimilco,CERRILLOS III
Xochimilco,AÃ‘O DE JUAREZ
Xochimilco,XOCHIPILLI
Xochimilco,CERRILLOS I
Xochimilco,Bo. CAPULCO
Xochimilco,Bo. 3 DE MAYO
Xochimilco,ZONA RUSTICA
Xochimilco,NATIVITAS
Xochimilco,Bo. SAN ANDRES
Xochimilco,CRISTO REY
Xochimilco,EL MIRADOR
Xochimilco,SAN JERONIMO
Xochimilco,GUADALUPANA
Xochimilco,Bo. NIÃ‘OS HEROES
Xochimilco,Bo. SAN ANTONIO
Xochimilco,Bo. LA CANDELARIA
Xochimilco,Bo. LA ASUNCION
Xochimilco,Bo. SAN JUAN MINAS
Xochimilco,Bo. TETITLA
Xochimilco,DEL CARMEN
Xochimilco,Bo. CALYEQUITA
Xochimilco,Bo. SAN JOSE
Xochimilco,Bo. LA GALLERA
Xochimilco,SAN FELIPE
Xochimilco,GUADALUPITA
Xochimilco,Bo. SAN JUAN
Xochimilco,SANTIAGUITO
Xochimilco,SAN ISIDRO
Xochimilco,LA CONCHA
Xochimilco,Bo. XALTOCAN
Xochimilco,Bo. SAN JUAN MOYOTEPEC
Xochimilco,Pbo. SAN GREGORIO ATLAPULCO
Xochimilco,LAS ANIMAS
Xochimilco,Bo. SAN PEDRO
Xochimilco,Bo. BELEN
Xochimilco,QUIRINO MENDOZA
Xochimilco,Bo. SAN CRISTOBAL
Xochimilco,Pbo. SANTIAGO TEPALCATLALPAN
Xochimilco,JARDINES DEL SUR
Xochimilco,Pbo. SANTA CRUZ XOCHITEPEC
Xochimilco,Bo. SANTA CRUCITA
Xochimilco,EL MIRADOR
Xochimilco,Bo. SAN ESTEBAN
Xochimilco,ZONA RUSTICA
Xochimilco,Bo. LA SANTISIMA
Xochimilco,Bo. SAN DIEGO
Xochimilco,Bo. SAN ANTONIO
Xochimilco,Bo. EL ROSARIO
Xochimilco,Bo. SAN MARCOS
Xochimilco,Bo. LA GUADALUPITA
Xochimilco,HUICHAPAN
Xochimilco,Pbo. SAN LUIS TLAXIALTEMALCO
Xochimilco,Bo. SAN LORENZO
Xochimilco,TIERRA NUEVA
Xochimilco,Bo. SAN JUAN
Xochimilco,Ampl. TEPEPAN
Xochimilco,LA NORIA
Xochimilco,Bo. CONCEPCION TLACOAPA
Xochimilco,POTRERO SAN BERNARDINO
Xochimilco,LAS PERITAS
Xochimilco,Bo. LA ASUNCION
Xochimilco,Ampl. SAN MARCOS NORTE
Xochimilco,PASEOS DEL SUR
Xochimilco,SAN JUAN TEPEPAN
Xochimilco,BOSQUE RESIDENCIAL DEL SUR
Xochimilco,Pbo. SANTA MARIA TEPEPAN
Xochimilco,SAN BARTOLO EL CHICO
Xochimilco,Bo. 18
Xochimilco,SAN LORENZO LA CEBADA
Xochimilco,RINCONADA COAPA
Xochimilco,ZONA RUSTICA